StartDate,EndDate,Status,IPAddress,Progress,Duration (in seconds),Finished,RecordedDate,ResponseId,RecipientLastName,RecipientFirstName,RecipientEmail,ExternalReference,LocationLatitude,LocationLongitude,DistributionChannel,UserLanguage,Q_RecaptchaScore,QC1,QD1,QD2,QD3,QC1,QC2,QC3,QUC1,QUS1,QC4_1,QC4_2,QC4_3,QC4_4,QC4_5,QC5,Q61,Q62,QC6,QC7_1,QC7_2,QC7_3,QC7_4,Q63,Q64,QC8,QC9,QC10,Q65,Q66,Q54,Q53,Q67,Q69,Q68,QS1,QS2,QS3,Q73,Q72,QS4_1,QS4_2,QS4_3,QS4_4,QS4_5,QS5,Q76,Q75,QS6,QS7_1,QS7_2,QS7_3,QS7_4,Q78,Q77,QS8,QS9,QS10,Q74,Q79,QS11,Q52,Q80,Q81
Start Date,End Date,Response Type,IP Address,Progress,Duration (in seconds),Finished,Recorded Date,Response ID,Recipient Last Name,Recipient First Name,Recipient Email,External Data Reference,Location Latitude,Location Longitude,Distribution Channel,User Language,Q_RecaptchaScore,"file_1705403025799Improved Data Visualization for Data Understanding
Dear participant
Thank you for your interest in participating in this research. This letter explains what the research entails and how the research will be conducted. Please take time to read the following information carefully. If any information is not clear kindly ask questions using the contact details of the researchers provided at the end of this letter. If you have complaints about this study or survey please contact the University Utrecht with the following email address: klachtenfunctionaris-fetcsocwet@uu.nl.
WHAT THIS STUDY IS ABOUT?This study is about the Understanding of data visualization to investigate how students make choices based on the visualizations.Participants are selected based on a convenience sample. 
WHAT DOES PARTICIPATION INVOLVE?Participation involves looking at data visualization tools and answering questions about it.
DO YOU HAVE TO PARTICIPATE?No, if you do not want to participate you do not have to participate in this studyPlease be aware that your participation in this study is entirely voluntary. You have the full right to withdraw from the study at any given time if you decide to do so. If at any point you feel uncomfortable or you prefer not to answer specific questions, you may choose not to without having to provide any reasons for your decision. There will be no consequences for withdrawing or not answering questions, and your decision will be respected without any impact on your current or future interactions with us.ARE THERE ANY RISKS IN PARTICIPATING?There will not be any risk for participation. All your data will be anonymised.ARE THERE ANY BENEFITS IN PARTICIPATING?Participation benefits the study of business understanding. This is relevant for researchers and businesses to understand how data visualization tools are interpreted.You will get a chocolate bar for participation.
HOW WILL INFORMATION YOU PROVIDE BE RECORDED, STORED AND PROTECTED?This survey will be done using Qualtrics, you do not have to provide a name and your data will be completely anonymised.The data will be stored according to GDPR rules of the University Utrecht and only the researchers and the professor will be able to access the data.This data will not be used for something else than this studyWHAT WILL HAPPEN TO THE RESULTS OF THE STUDY?The results of this study will be used in a report for the course Advanced Research Methods of the University of Utrecht.
INFORMED CONSENT FORMBy clicking ahead, you acknowledge that you have read the informed consent form provided, understand its contents, and agree to participate in the study under the conditions it outlines. Clicking to proceed indicates your initial consent to participate.Please remember that this consent is ongoing and that you have the right to withdraw from the study at any time without any consequences. Your decision to participate is completelyvoluntary, and you are free to choose not to answer any questions or to stop participating altogether at any point during the study.
WHO SHOULD YOU CONTACT FOR FURTHER INFORMATION?
Friso Stolk : f.r.p.stolk@students.uu.nl Janus RoestenburgPhillipp Hinzman Rea Gupta
Do you give consent to this study?",What is your gender?,What is your highest education? (current counts),What is your field of your study?,"By comparing the number of dwellings sold and the average purchase price of homes, evaluate whether the following statement is true or false: 

“Provinces with a low volume of properties sold, also have higher purchase prices.”","By comparing the number of dwellings sold and the average purchase price of homes, along with the price index yearly, evaluate whether the following statement is true or false. 

“A decrease in the volume of houses sold has led to a decrease in property value.”","Evaluate your agreement with the following statement. Based on the housing index over the past five years, the Dutch housing market has shown growth",I was confident answering these questions,I was satisfied using this visualization,Set the Premier league season 2022-2023 on the correct order. - Arsenal,Set the Premier league season 2022-2023 on the correct order. - Liverpool,Set the Premier league season 2022-2023 on the correct order. - Newcastle United,Set the Premier league season 2022-2023 on the correct order. - Manchester United,Set the Premier league season 2022-2023 on the correct order. - Manchester City,How many points do you think Aston Villa will have at the end of the season?,I was confident answering these questions,I was satisfied using this visualization,While working ‘Remotely’ which Experience-level earns the highest ‘Average Salary(USD)’,Rank the following countries on the basis of the ‘Average Salary in USD’. (Highest to Lowest). - New Zealand,Rank the following countries on the basis of the ‘Average Salary in USD’. (Highest to Lowest). - USA,Rank the following countries on the basis of the ‘Average Salary in USD’. (Highest to Lowest). - Australia,Rank the following countries on the basis of the ‘Average Salary in USD’. (Highest to Lowest). - Canada,I was confident answering these questions,I was satisfied using this visualization,In which financial quarter of the year 2023 did Alphabet Inc. stock show the best performance based on the increase in price between the start of the quarter and the end of the quarter?,"Comparing the months of February and October, which month had the highest market volatility?",Which one of the following options would have yielded a higher return on investment? Purchasing stock at the start of January and selling it at the start of February or purchasing stock at the start of November and selling it at the end of December.,I was confident answering these questions,I was satisfied using this visualization,"When looking at the visualisations, which day is the has the highest amount of taxi rides?","When looking at the visualisation, which day do you think is a public holiday?",I was confident answering these questions,I was confident answering these questions,I was satisfied using this visualization,"By comparing the number of dwellings sold and the average purchase price of homes, evaluate whether the following statement is true or false: 

“Provinces with a low volume of properties sold, also have higher purchase prices.”","By comparing the number of dwellings sold and the average purchase price of homes, along with the price index yearly, evaluate whether the following statement is true or false. 

“A decrease in the volume of houses sold has led to a decrease in property value.”","Evaluate your agreement with the following statement. Based on the housing index over the past five years, the Dutch housing market has shown growth",I was confident answering these questions,I was satisfied using this visualization,QS4 - Arsenal,QS4 - Liverpool,QS4 - Newcastle United,QS4 - Manchester United,QS4 - Manchester City,How many points do you think Aston Villa will have at the end of the season?,I was confident answering these questions,I was satisfied using this visualization,While working ‘Remotely’ which Experience-level earns the highest ‘Average Salary(USD)’,Rank the following countries on the basis of the ‘Average Salary in USD’. (Highest to Lowest). - New Zealand,Rank the following countries on the basis of the ‘Average Salary in USD’. (Highest to Lowest). - USA,Rank the following countries on the basis of the ‘Average Salary in USD’. (Highest to Lowest). - Australia,Rank the following countries on the basis of the ‘Average Salary in USD’. (Highest to Lowest). - Canada,I was confident answering these questions,I was satisfied using this visualization,In which financial quarter of the year 2023 did Alphabet Inc. stock show the best performance based on the increase in price between the start of the quarter and the end of the quarter?,"Comparing the months of February and October, which month had the highest market volatility?",Which one of the following options would have yielded a higher return on investment? Purchasing stock at the start of January and selling it at the start of February or purchasing stock at the start of November and selling it at the end of December.,I was confident answering these questions,I was satisfied using this visualization,"var divElement = document.getElementById('viz1705335755910');                    var vizElement = divElement.getElementsByTagName('object')[0];                    vizElement.style.width='100%';vizElement.style.height=(divElement.offsetWidth*0.75)+'px';                    var scriptElement = document.createElement('script');                    scriptElement.src = 'https://public.tableau.com/javascripts/api/viz_v1.js';                    vizElement.parentNode.insertBefore(scriptElement, vizElement);                

The data set contains the records of the yellow taxi cabs in New York City. Every ride is saved and provides information about pick-up & drop-off location, time, amount of passengers and fare amount, etc. This graph visualises the amount of taxi rides per day of the month November 2022.



When looking at the visualisations, which day is the has the highest amount of taxi rides?","When looking at the visualisation, which day do you think is a public holiday?",I was confident answering these questions,I was satisfied using this visualization
"{""ImportId"":""startDate"",""timeZone"":""America/Denver""}","{""ImportId"":""endDate"",""timeZone"":""America/Denver""}","{""ImportId"":""status""}","{""ImportId"":""ipAddress""}","{""ImportId"":""progress""}","{""ImportId"":""duration""}","{""ImportId"":""finished""}","{""ImportId"":""recordedDate"",""timeZone"":""America/Denver""}","{""ImportId"":""_recordId""}","{""ImportId"":""recipientLastName""}","{""ImportId"":""recipientFirstName""}","{""ImportId"":""recipientEmail""}","{""ImportId"":""externalDataReference""}","{""ImportId"":""locationLatitude""}","{""ImportId"":""locationLongitude""}","{""ImportId"":""distributionChannel""}","{""ImportId"":""userLanguage""}","{""ImportId"":""Q_RecaptchaScore""}","{""ImportId"":""QID2""}","{""ImportId"":""QID10""}","{""ImportId"":""QID11""}","{""ImportId"":""QID12""}","{""ImportId"":""QID7""}","{""ImportId"":""QID35""}","{""ImportId"":""QID36""}","{""ImportId"":""QID53""}","{""ImportId"":""QID54""}","{""ImportId"":""QID15_1""}","{""ImportId"":""QID15_2""}","{""ImportId"":""QID15_3""}","{""ImportId"":""QID15_4""}","{""ImportId"":""QID15_5""}","{""ImportId"":""QID20_TEXT""}","{""ImportId"":""QID84""}","{""ImportId"":""QID85""}","{""ImportId"":""QID18""}","{""ImportId"":""QID45_1""}","{""ImportId"":""QID45_2""}","{""ImportId"":""QID45_3""}","{""ImportId"":""QID45_4""}","{""ImportId"":""QID86""}","{""ImportId"":""QID87""}","{""ImportId"":""QID29""}","{""ImportId"":""QID33""}","{""ImportId"":""QID34""}","{""ImportId"":""QID88""}","{""ImportId"":""QID89""}","{""ImportId"":""QID77""}","{""ImportId"":""QID76""}","{""ImportId"":""QID90""}","{""ImportId"":""QID92""}","{""ImportId"":""QID91""}","{""ImportId"":""QID13""}","{""ImportId"":""QID39""}","{""ImportId"":""QID40""}","{""ImportId"":""QID96""}","{""ImportId"":""QID95""}","{""ImportId"":""QID16_1""}","{""ImportId"":""QID16_2""}","{""ImportId"":""QID16_3""}","{""ImportId"":""QID16_4""}","{""ImportId"":""QID16_5""}","{""ImportId"":""QID21_TEXT""}","{""ImportId"":""QID99""}","{""ImportId"":""QID98""}","{""ImportId"":""QID19""}","{""ImportId"":""QID46_1""}","{""ImportId"":""QID46_2""}","{""ImportId"":""QID46_3""}","{""ImportId"":""QID46_4""}","{""ImportId"":""QID101""}","{""ImportId"":""QID100""}","{""ImportId"":""QID32""}","{""ImportId"":""QID41""}","{""ImportId"":""QID42""}","{""ImportId"":""QID97""}","{""ImportId"":""QID102""}","{""ImportId"":""QID71""}","{""ImportId"":""QID74""}","{""ImportId"":""QID103""}","{""ImportId"":""QID104""}"
2024-01-08 02:22:14,2024-01-08 02:22:21,Survey Preview,*******,100,6,True,2024-01-08 02:22:22,R_8vjv40s0P7rK7lL,*******,*******,*******,*******,*******,*******,preview,EN,,,,,,,,,,,,,,,,,,,,,,,,,,,,,,,,,,,,,,,,,,,,,,,,,,,,,,,,,,,,,,,,
2024-01-08 02:23:01,2024-01-08 02:23:04,Survey Preview,*******,100,3,True,2024-01-08 02:23:06,R_8pYYZI7og4gWNGw,*******,*******,*******,*******,*******,*******,preview,EN,,,,,,,,,,,,,,,,,,,,,,,,,,,,,,,,,,,,,,,,,,,,,,,,,,,,,,,,,,,,,,,,
2024-01-08 02:35:38,2024-01-08 02:35:52,Survey Preview,*******,100,13,True,2024-01-08 02:35:53,R_6EaBfkv6D9uaIRH,*******,*******,*******,*******,*******,*******,preview,EN,,Yes,,,,,,,,,,,,,,,,,,,,,,,,,,,,,,,,,,,,,,,,,,,,,,,,,,,,,,,,,,,,,,
2024-01-08 05:01:53,2024-01-08 05:05:16,Survey Preview,*******,100,203,True,2024-01-08 05:05:16,R_22xaFHaD9CWR8S7,*******,*******,*******,*******,*******,*******,preview,EN,,Yes,,,,,,,,,,,,,,,,,,,,,,,,,,,,,,,,,,,,,,,,,,,,,,,,,,,,,,,,,,,,,,
2024-01-10 11:13:27,2024-01-10 11:14:04,Survey Preview,*******,100,37,True,2024-01-10 11:14:05,R_8uUUTZ5jb1ZCpi1,*******,*******,*******,*******,*******,*******,preview,EN,,Yes,,,,,,,,,,,,,,,,,,,,,,,,,,,,,,,,,,,,,,,,,,,,,,,,,,,,,,,,,,,,,,
2024-01-11 03:01:43,2024-01-11 03:12:22,Survey Preview,*******,100,639,True,2024-01-11 03:12:23,R_8qTZqzrLxVXmSqR,*******,*******,*******,*******,*******,*******,preview,EN,,Yes,,,,,,,,,,,,,,,,,,,,,,,,,,,,,,,,,,,,,,,,,,,,,,,,,,,,,,,,,,,,,,
2024-01-15 02:29:05,2024-01-15 02:30:38,Survey Preview,*******,100,93,True,2024-01-15 02:30:39,R_8HqIGqzHWJKr6aX,*******,*******,*******,*******,*******,*******,preview,EN,,Yes,Male,Masters,Natural Sciences,,,,,,,,,,,,,,,,,,,,,,,,,,,,,,,,,,,,,,,,,,,,,,,,,,,,,,,,,,,
2024-01-15 02:33:19,2024-01-15 02:33:46,Survey Preview,*******,100,27,True,2024-01-15 02:33:47,R_8LbVwBMXkLrrseR,*******,*******,*******,*******,*******,*******,preview,EN,,Yes,Male,Masters,Natural Sciences,,,,,,,,,,,,,,,,,,,,,,,,,,,,,,,,,,,,,,,,,,,,,,,,,,,,,,,,,,,
2024-01-15 03:42:11,2024-01-15 03:43:53,Survey Preview,*******,100,102,True,2024-01-15 03:43:54,R_8TQNCFyx5VP1Kbm,*******,*******,*******,*******,*******,*******,preview,EN,,Yes,Male,Masters,Engineering and Technology,,,,,,5,7,4,9,1,60,,,,,,,,,,,,,,,,,,,,,,,,,,,,,,,,,,,,,,,,,,,,,,,,
2024-01-15 05:06:44,2024-01-15 05:08:35,Survey Preview,*******,100,110,True,2024-01-15 05:08:35,R_8KDzLEIlSsJjhmx,*******,*******,*******,*******,*******,*******,preview,EN,,Yes,Male,Masters,Engineering and Technology,,,,,,,,,,,,,,,,,,,,,,,,,,,,,,,,,,,,,,,,,,,,,,,,,,,,,,,,,,,
2024-01-15 05:27:52,2024-01-15 05:28:01,Survey Preview,*******,100,9,True,2024-01-15 05:28:02,R_8SqSHHJZxf8m5lz,*******,*******,*******,*******,*******,*******,preview,EN,,Yes,Male,Masters,Engineering and Technology,,,,,,,,,,,,,,,,,,,,,,,,,,,,,,,,,,,,,,,,,,,,,,,,,,,,,,,,,,,
2024-01-15 05:28:11,2024-01-15 05:28:20,Survey Preview,*******,100,9,True,2024-01-15 05:28:21,R_8aPSJHQOoz6mrIl,*******,*******,*******,*******,*******,*******,preview,EN,,Yes,Male,Masters,Engineering and Technology,,,,,,,,,,,,,,,,,,,,,,,,,,,,,,,,,,,,,,,,,,,,,,,,,,,,,,,,,,,
2024-01-15 06:23:00,2024-01-15 06:23:33,Survey Preview,*******,100,33,True,2024-01-15 06:23:34,R_8N9qA8po1Kl2Qjd,*******,*******,*******,*******,*******,*******,preview,EN,1,Yes,Male,Masters,Engineering and Technology,,,,,,,,,,,,,,,,,,,,,,,,,,,,,,,,,,,,,,,,,,,,,,,,,,,,,,,,,,,
2024-01-16 00:54:52,2024-01-16 01:00:19,Survey Preview,*******,100,327,True,2024-01-16 01:00:20,R_2mRfoQHSB2FgHmn,*******,*******,*******,*******,*******,*******,preview,EN,1,Yes,,,,,,,,,,,,,,,,,,,,,,,,,,,,,,,,,,,,,,,,,,,,,,,,,,,,,,,,,,,,,,
2024-01-16 01:03:14,2024-01-16 01:04:15,Survey Preview,*******,100,60,True,2024-01-16 01:04:16,R_2rHCoqOXLrFhbCN,*******,*******,*******,*******,*******,*******,preview,EN,1,Yes,,,,,,,,,,,,,,,,,,,,,,,,,,,,,,,,,,,,,,,,,,,,,,,,,,,,,,,,,,,,,,
2024-01-16 02:15:56,2024-01-16 02:20:31,Survey Preview,*******,100,275,True,2024-01-16 02:20:33,R_1C2bjePfVxXxNtl,*******,*******,*******,*******,*******,*******,preview,EN,1,Yes,Female,Masters,Engineering and Technology,,,,,,,,,,,,,,,,,,,,,,,,,,,,,,,,,,,,,,,,,,,,,,,,,,,,,,,,,,,
2024-01-16 02:21:49,2024-01-16 02:22:53,Survey Preview,*******,100,63,True,2024-01-16 02:22:55,R_1VjT2XU4bAyY2l5,*******,*******,*******,*******,*******,*******,preview,EN,1,Yes,Prefer not to say,Masters,Engineering and Technology,,,,,,,,,,,,,,,,,,,,,,,,,,,,,,,,,,,,,,,,,,,,,,,,,,,,,,,,,,,
2024-01-16 04:14:28,2024-01-16 04:15:22,Survey Preview,*******,100,54,True,2024-01-16 04:15:23,R_2fTO6eb5Nk2dGm9,*******,*******,*******,*******,*******,*******,preview,EN,1,Yes,Male,Masters,Engineering and Technology,,,,,,,,,,,,,,,,,,,,,,,,,,,,,,,,,,,,,,,,,,,,,,,,,,,,,,,,,,,
2024-01-16 05:19:14,2024-01-16 05:33:55,IP Address,*******,100,881,True,2024-01-16 05:33:56,R_72uxJTbT26KJZSJ,*******,*******,*******,*******,*******,*******,anonymous,EN,1,Yes,Male,Masters,Engineering and Technology,True,False,False,Neither confident or unsure,Satisfied,1,5,4,3,2,34,Not confident,Neither dissatisfied or satisfied,Executive,4,1,2,3,Not confident at all,Dissatisfied,Q2,October,November-December,Not confident,Dissatisfied,3rd of November,24th of November,Not confident at all,Not confident at all,Very dissatisfied,,,,,,,,,,,,,,,,,,,,,,,,,,,,,
2024-01-16 05:57:58,2024-01-16 06:07:10,IP Address,*******,100,551,True,2024-01-16 06:07:11,R_1xlLKSLVgimtnPj,*******,*******,*******,*******,*******,*******,anonymous,EN,0.8999999761581421,Yes,Male,Masters,Natural Sciences,,,,,,,,,,,,,,,,,,,,,,,,,,,,,,,False,False,True,Neither confident or unsure,Neither dissatisfied or satisfied,1,5,4,3,2,68,Confident,Satisfied,Executive,4,1,3,2,Confident,Satisfied,Q2,October,January-February,Somewhat confident,Neither dissatisfied or satisfied,,,,
2024-01-16 05:58:26,2024-01-16 06:08:48,IP Address,*******,100,622,True,2024-01-16 06:08:49,R_6nZIlRrs9aUGKHL,*******,*******,*******,*******,*******,*******,anonymous,EN,1,Yes,Male,Masters,Engineering and Technology,,,,,,,,,,,,,,,,,,,,,,,,,,,,,,,True,False,False,Somewhat confident,Dissatisfied,1,5,4,3,2,40,Not confident at all,Satisfied,Executive,4,1,3,2,Confident,Very satisfied,Q2,February,November-December,Neither confident or unsure,Dissatisfied,3rd of November,8th of November,Not confident at all,Very dissatisfied
2024-01-16 06:31:46,2024-01-16 06:44:03,IP Address,*******,100,736,True,2024-01-16 06:44:03,R_7PplWzAG0igeOml,*******,*******,*******,*******,*******,*******,anonymous,EN,1,Yes,Male,Bachelors,Natural Sciences,,,,,,,,,,,,,,,,,,,,,,,,,,,,,,,False,False,True,Somewhat confident,Dissatisfied,1,4,5,3,2,40,Neither confident or unsure,Neither dissatisfied or satisfied,Executive,4,1,3,2,Confident,Very dissatisfied,Q2,February,November-December,Somewhat confident,Neither dissatisfied or satisfied,10th of November,24th of November,Somewhat confident,Neither dissatisfied or satisfied
2024-01-16 05:21:40,2024-01-16 08:17:14,IP Address,*******,100,10534,True,2024-01-16 08:17:15,R_2nipTYf8mhH2Yus,*******,*******,*******,*******,*******,*******,anonymous,EN,0.8999999761581421,Yes,Non-binary / third gender,Masters,Natural Sciences,,,,,,,,,,,,,,,,,,,,,,,,,,,,,,,False,False,False,Somewhat confident,Neither dissatisfied or satisfied,,,,,,26,Neither confident or unsure,Neither dissatisfied or satisfied,Executive,4,1,3,2,Confident,Very satisfied,Q2,February,November-December,Somewhat confident,Satisfied,10th of November,24th of November,Somewhat confident,Satisfied
2024-01-16 09:26:32,2024-01-16 09:34:10,IP Address,*******,100,457,True,2024-01-16 09:34:11,R_1dy2jAJUx1DgK6R,*******,*******,*******,*******,*******,*******,anonymous,EN,0.800000011920929,Yes,Male,Masters,Natural Sciences,True,False,True,Not confident at all,Very dissatisfied,1,5,4,3,2,34,Not confident at all,Very dissatisfied,Executive,4,1,3,2,Confident,Very satisfied,Q2,February,January-February,Not confident,Dissatisfied,10th of November,24th of November,Not confident at all,Not confident at all,Very dissatisfied,,,,,,,,,,,,,,,,,,,,,,,,,,,,,
2024-01-16 09:27:48,2024-01-16 09:36:15,IP Address,*******,100,506,True,2024-01-16 09:36:15,R_2esfOQZiXvHpgod,*******,*******,*******,*******,*******,*******,anonymous,EN,0.8999999761581421,Yes,Male,Masters,Engineering and Technology,,,,,,,,,,,,,,,,,,,,,,,,,,,,,,,False,False,True,Somewhat confident,Satisfied,1,5,4,3,2,68,Somewhat confident,Dissatisfied,Executive,4,1,3,2,Confident,Very dissatisfied,Q1,October,January-February,Somewhat confident,Satisfied,10th of November,29th of November,Neither confident or unsure,Dissatisfied
2024-01-17 03:09:03,2024-01-17 03:19:06,IP Address,*******,100,602,True,2024-01-17 03:19:06,R_2z5zMoIKEHtkx0S,*******,*******,*******,*******,*******,*******,anonymous,EN,0.800000011920929,Yes,Female,Masters,Natural Sciences,,,,,,,,,,,,,,,,,,,,,,,,,,,,,,,False,False,False,Not confident at all,Dissatisfied,1,5,4,3,2,40,Somewhat confident,Satisfied,Executive,4,1,3,2,Confident,Very satisfied,Q2,February,January-February,Not confident,Neither dissatisfied or satisfied,10th of November,24th of November,Confident,Very satisfied
2024-01-17 03:25:49,2024-01-17 03:28:42,IP Address,*******,100,173,True,2024-01-17 03:28:43,R_6QE4FQzYCk4GaNV,*******,*******,*******,*******,*******,*******,anonymous,EN,1,Yes,Male,Masters,Engineering and Technology,True,True,False,Somewhat confident,Satisfied,1,3,5,4,2,34,Not confident,Dissatisfied,Mid-Level,3,1,2,4,Not confident,Satisfied,Q2,February,January-February,Neither confident or unsure,Neither dissatisfied or satisfied,10th of November,29th of November,Not confident at all,Neither confident or unsure,Dissatisfied,,,,,,,,,,,,,,,,,,,,,,,,,,,,,
2024-01-17 03:25:40,2024-01-17 03:33:06,IP Address,*******,100,446,True,2024-01-17 03:33:06,R_5IGX6rHpxzyVRGc,*******,*******,*******,*******,*******,*******,anonymous,EN,0.8999999761581421,Yes,Female,Masters,Natural Sciences,,,,,,,,,,,,,,,,,,,,,,,,,,,,,,,True,False,False,Not confident,Dissatisfied,1,5,4,3,2,34,Neither confident or unsure,Dissatisfied,Executive,4,1,3,2,Somewhat confident,Dissatisfied,Q3,October,November-December,Not confident at all,Very dissatisfied,10th of November,24th of November,Not confident at all,Dissatisfied
2024-01-17 03:17:04,2024-01-17 03:40:26,IP Address,*******,100,1402,True,2024-01-17 03:40:27,R_2MsyMcAX4nutM74,*******,*******,*******,*******,*******,*******,anonymous,EN,0.8999999761581421,Yes,Female,Masters,Law and Criminal Justice,,,,,,,,,,,,,,,,,,,,,,,,,,,,,,,False,False,True,Somewhat confident,Satisfied,1,5,4,3,2,38,Not confident,Dissatisfied,Executive,4,1,3,2,Somewhat confident,Satisfied,Q1,October,January-February,Somewhat confident,Dissatisfied,10th of November,29th of November,Neither confident or unsure,Dissatisfied
2024-01-17 03:29:40,2024-01-17 03:41:45,IP Address,*******,100,725,True,2024-01-17 03:41:45,R_2YaDVDfBJsltjIE,*******,*******,*******,*******,*******,*******,anonymous,EN,0.8999999761581421,Yes,Male,Bachelors,Engineering and Technology,True,False,False,Somewhat confident,Satisfied,1,5,4,2,3,42,Somewhat confident,Satisfied,Executive,4,1,3,2,Confident,Satisfied,Q2,February,November-December,Confident,Satisfied,10th of November,24th of November,Confident,Confident,Satisfied,,,,,,,,,,,,,,,,,,,,,,,,,,,,,
2024-01-17 03:29:06,2024-01-17 03:50:54,IP Address,*******,100,1307,True,2024-01-17 03:50:55,R_3IQdy5RVeSJfyyC,*******,*******,*******,*******,*******,*******,anonymous,EN,1,Yes,Female,Masters,Engineering and Technology,False,True,True,Not confident,Satisfied,1,5,4,3,2,53,Somewhat confident,Satisfied,Executive,2,3,1,4,Not confident,Dissatisfied,Q1,October,November-December,Not confident at all,Dissatisfied,,,,,,,,,,,,,,,,,,,,,,,,,,,,,,,,,,
2024-01-17 05:19:34,2024-01-17 05:28:24,IP Address,*******,100,529,True,2024-01-17 05:28:25,R_4lyH7ncMlGtZuFj,*******,*******,*******,*******,*******,*******,anonymous,EN,0.8999999761581421,Yes,Female,Masters,Natural Sciences,,,,,,,,,,,,,,,,,,,,,,,,,,,,,,,False,False,True,Somewhat confident,Neither dissatisfied or satisfied,1,5,4,3,2,40,Not confident,Dissatisfied,Executive,4,1,3,2,Neither confident or unsure,Neither dissatisfied or satisfied,Q2,October,January-February,Somewhat confident,Satisfied,10th of November,24th of November,Somewhat confident,Satisfied
2024-01-17 05:52:30,2024-01-17 05:52:46,IP Address,*******,100,16,True,2024-01-17 05:52:46,R_1l9yoUxAcnOKaV6,*******,*******,*******,*******,*******,*******,anonymous,EN,0.8999999761581421,No,,,,,,,,,,,,,,,,,,,,,,,,,,,,,,,,,,,,,,,,,,,,,,,,,,,,,,,,,,,,,,
